{"cameraMode":{"drawMode":0,"name":"Shaded","section":"Shading Mode"},"sceneLighting":false,"audioPlay":false,"sceneViewState":{"showFog":true,"showMaterialUpdate":false,"showSkybox":false,"showFlares":true,"showImageEffects":true,"showParticleSystems":true},"in2DMode":false,"pivot":{"x":-1.1434119939804078,"y":0.03136402368545532,"z":1.5518672466278077},"rotation":{"x":0.02340729534626007,"y":-0.9551775455474854,"z":-0.07868573814630509,"w":-0.28422027826309206},"size":1.3707311153411866,"orthographic":false}