{"cameraMode":{"drawMode":0,"name":"Shaded","section":"Shading Mode"},"sceneLighting":false,"audioPlay":false,"sceneViewState":{"showFog":true,"showMaterialUpdate":false,"showSkybox":false,"showFlares":true,"showImageEffects":true,"showParticleSystems":true},"in2DMode":false,"pivot":{"x":1278.803955078125,"y":549.357666015625,"z":-1065.633056640625},"rotation":{"x":-0.1264730840921402,"y":0.43542611598968508,"z":-0.06195322424173355,"w":-0.8890761733055115},"size":2.5465335845947267,"orthographic":false}