{"cameraMode":{"drawMode":0,"name":"Shaded","section":"Shading Mode"},"sceneLighting":false,"audioPlay":false,"sceneViewState":{"showFog":true,"showMaterialUpdate":false,"showSkybox":false,"showFlares":true,"showImageEffects":true,"showParticleSystems":true},"in2DMode":false,"pivot":{"x":3.019624710083008,"y":-3.678626298904419,"z":2.1487298011779787},"rotation":{"x":0.2400655746459961,"y":0.7577317953109741,"z":-0.3947579860687256,"w":0.4607018828392029},"size":9.964651107788086,"orthographic":false}